{
    "accuracy": 0.5895953757225434,
    "precision": 0.7021276595744681,
    "recall": 0.26294820717131473
}